tweet_id,retweet_count,like_count
892420643555336193,7121,34273
892177421306343426,5363,29713
891815181378084864,3529,22369
891689557279858688,7321,37458
891327558926688256,7868,35787
891087950875897856,2643,18066
890971913173991426,1693,10513
890729181411237888,16008,57643
890609185150312448,3669,24877
890240255349198849,6184,28351
890006608113172480,6238,27381
889880896479866881,4225,24908
889665388333682689,8478,42652
889638837579907072,3771,23983
889531135344209921,1905,13528
889278841981685760,4508,22418
888917238123831296,3816,25983
888804989199671297,3594,22782
888554962724278272,2918,17583
888554962724278272,2918,17583
888078434458587136,2945,19409
887705289381826560,4589,26985
887517139158093824,9973,41322
887473957103951883,15232,61029
887343217045368832,8933,29987
887101392804085760,5062,27350
886983233522544640,6436,30805
886736880519319552,2675,10628
886680336477933568,3796,20015
886366144734445568,2674,18812
886267009285017600,3,104
886258384151887873,5363,24896
886054160059072513,93,0
885984800019947520,5695,28992
885528943205470208,5414,32018
885518971528720385,3161,18255
885311592912609280,15673,0
885167619883638784,3712,19501
884925521741709313,15252,68283
884876753390489601,4729,24736
884562892145688576,3968,21622
884441805382717440,4853,24203
884247878851493888,17147,64214
884162670584377345,2525,18187
883838122936631299,2904,19462
883482846933004288,8380,40799
883360690899218434,3121,20222
883117836046086144,5613,32986
882992080364220416,3279,21270
882762694511734784,4145,25137
882627270321602560,5147,24952
882268110199369728,9799,39735
882045870035918850,4132,26121
881906580714921986,2890,21736
881666595344535552,9082,45173
881633300179243008,8,113
881536004380872706,13590,44031
881268444196462592,4541,20784
880935762899988482,2369,15271
880872448815771648,3248,19000
880465832366813184,5290,25355
880221127280381952,3527,24005
880095782870896641,3705,24675
879862464715927552,2966,19975
879674319642796034,9,282
879492040517615616,2667,21008
879415818425184262,38010,94145
879376492567855104,2679,15053
879130579576475649,5812,0
879050749262655488,4008,20105
879008229531029506,2278,17023
878776093423087618,3492,17378
878604707211726852,6008,26813
878404777348136964,1087,0
878316110768087041,5615,0
878281511006478336,1087,6887
878057613040115712,5812,37652
877736472329191424,16048,70330
877611172832227328,70,0
877556246731214848,3213,20226
877316821321428993,4417,24511
877201837425926144,4701,24192
876838120628539392,2844,18469
876537666061221889,4038,21335
876484053909872640,2029,16788
876120275196170240,3958,25039
875747767867523072,3629,22455
875144289856114688,4201,19664
875097192612077568,5199,24586
875021211251597312,4030,22883
874680097055178752,3980,24941
874434818259525634,12388,0
874296783580663808,3527,23315
874057562936811520,3425,20409
874012996292530176,8696,30548
874012996292530176,8696,30548
873580283840344065,3381,21720
873337748698140672,1343,0
873213775632977920,1343,6404
872967104147763200,4620,24401
872820683541237760,3210,13233
872820683541237760,3210,13233
872620804844003328,3110,18609
872486979161796608,7821,36615
872486979161796608,7821,36615
872122724285648897,6950,30670
871879754684805121,9375,33595
871762521631449091,3013,18148
871515927908634625,2986,18154
871166179821445120,4951,0
871102520638267392,4760,18817
871032628920680449,3276,20456
870804317367881728,5341,30236
870726314365509632,3,106
870656317836468226,2233,11030
870374049280663552,23098,75033
870308999962521604,3597,19768
870063196459192321,7182,32841
870063196459192321,7182,32841
869772420881756160,8806,38512
869702957897576449,5461,25398
869596645499047938,2673,14407
869227993411051520,3247,18388
868880397819494401,12451,58794
868639477480148993,1776,0
868622495443632128,4554,23984
868552278524837888,1776,9106
867900495410671616,3620,21897
867774946302451713,6333,30648
867421006826221569,2148,14542
867072653475098625,102,0
867051520902168576,6875,29109
867051520902168576,6875,29109
866720684873056260,4175,18083
866686824827068416,3002,17383
866450705531457537,30716,110385
866334964761202691,12388,47267
866094527597207552,7269,0
865718153858494464,4922,23258
865359393868664832,4362,23946
865006731092295680,6762,25403
864873206498414592,7573,29205
864279568663928832,2619,13256
864197398364647424,7695,27036
863907417377173506,3640,18718
863553081350529029,3680,13860
863471782782697472,2112,0
863432100342583297,4615,21613
863427515083354112,81,1983
863079547188785154,970,8002
863062471531167744,2112,7626
862831371563274240,4521,17440
862722525377298433,3129,15552
862457590147678208,4307,18510
862096992088072192,20276,67211
862096992088072192,20276,67211
861383897657036800,9408,32740
861288531465048066,3642,15574
861005113778896900,3378,15215
860981674716409858,1875,0
860924035999428608,690,0
860563773140209665,1875,6821
860524505164394496,4673,21570
860276583193509888,3114,16833
860184849394610176,5183,15211
860177593139703809,27206,0
859924526012018688,3637,17912
859851578198683649,3117,14158
859607811541651456,1375,17065
859196978902773760,26682,81781
859074603037188101,12137,30874
858860390427611136,7187,0
858843525470990336,3067,14321
858471635011153920,4321,19786
858107933456039936,2569,14452
857989990357356544,2295,14710
857746408056729600,9484,31267
857393404942143489,1459,5379
857263160327368704,4029,18483
857214891891077121,16,207
857062103051644929,149,0
857029823797047296,3542,17304
857029823797047296,3542,17304
856543823941562368,2583,15060
856526610513747968,1675,10982
856526610513747968,1675,10982
856288084350160898,15,493
856282028240666624,5655,25608
855862651834028034,22,309
855860136149123072,867,4484
855857698524602368,1890,10994
855851453814013952,16374,42555
855818117272018944,4884,24610
855459453768019968,7401,27497
855245323840757760,5355,0
855138241867124737,36,0
854732716440526848,5455,21015
854482394044301312,6118,27007
854365224396361728,4227,17448
854120357044912130,6712,29627
854010172552949760,2841,15067
853760880890318849,5192,26475
853639147608842240,9005,32022
853299958564483072,3218,14377
852936405516943360,1814,0
852912242202992640,1632,8366
852672615818899456,1959,13869
852553447878664193,3163,15118
852311364735569921,9013,30792
852226086759018497,6183,18608
852189679701164033,1444,10721
852189679701164033,1444,10721
851861385021730816,19,0
851591660324737024,3174,15190
851464819735769094,6410,22629
851224888060895234,5248,19323
850753642995093505,8226,28579
850380195714523136,2376,12253
850333567704068097,304,3239
850145622816686080,3450,15249
850019790995546112,4452,19062
849776966551130114,6931,28344
849668094696017920,4522,0
849412302885593088,2879,14873
849336543269576704,1722,10731
849051919805034497,7750,39636
848690551926992896,3978,23647
848324959059550208,4224,23206
848213670039564288,659,7651
848212111729840128,2757,15264
847978865427394560,2984,0
847971574464610304,403,0
847962785489326080,4659,22078
847842811428974592,1208,5091
847617282490613760,380,6578
847606175596138505,3139,17614
847251039262605312,3983,19275
847157206088847362,5335,18663
847116187444137987,2922,20192
846874817362120707,3610,18910
846514051647705089,10572,41827
846505985330044928,2820,13282
846153765933735936,8318,29589
846139713627017216,9308,29233
846042936437604353,2630,15052
845812042753855489,7990,27477
845677943972139009,4440,23807
845677943972139009,4440,23807
845397057150107648,1638,7210
845306882940190720,4953,21951
845098359547420673,7056,0
844979544864018432,2347,12875
844973813909606400,2907,14159
844973813909606400,2907,14159
844580511645339650,2862,15522
844223788422217728,2014,12906
843981021012017153,2737,14356
843856843873095681,4241,20269
843604394117681152,2523,15974
843235543001513987,5512,20298
843235543001513987,5512,20298
842846295480000512,3360,14448
842765311967449089,1185,6386
842535590457499648,3240,17169
842163532590374912,5355,23089
842115215311396866,2802,13227
841833993020538882,13809,0
841680585030541313,7267,24404
841439858740625411,3376,11938
841320156043304961,5110,18715
841314665196081154,4297,14988
841077006473256960,4951,21672
840761248237133825,1634,0
840728873075638272,14886,0
840698636975636481,2,168
840696689258311684,902,11644
840632337062862849,1634,8556
840370681858686976,4243,15580
840268004936019968,5310,18201
839990271299457024,2103,12737
839549326359670784,7187,25986
839290600511926273,135,0
839239871831150596,6033,25629
838952994649550848,3721,18678
838921590096166913,1891,10586
838916489579200512,31,0
838831947270979586,10222,0
838561493054533637,1242,10414
838476387338051585,4405,21292
838201503651401729,9354,0
838150277551247360,311,1583
838085839343206401,1,134
838083903487373313,2895,16739
837820167694528512,7269,32317
837482249356513284,413,3661
837471256429613056,2098,12175
837471256429613056,2098,12175
837110210464448512,2204,15293
837110210464448512,2204,15293
836989968035819520,2149,12141
836753516572119041,4321,18405
836677758902222849,2058,12031
836648853927522308,516,0
836397794269200385,25533,0
836380477523124226,2790,14108
836260088725786625,4040,20291
836001077879255040,3963,18170
835685285446955009,7572,0
835574547218894849,3368,16941
835536468978302976,1573,0
835309094223372289,19487,0
835297930240217089,2789,15694
835264098648616962,1573,7358
835246439529840640,64,2012
835172783151792128,5369,24945
835152434251116546,2815,21281
834931633769889797,1515,10266
834786237630337024,5179,20514
834574053763584002,2347,12992
834477809192075265,9931,0
834458053273591808,1567,9164
834209720923721728,4414,19539
834167344700198914,3428,15085
834089966724603904,2003,9586
834086379323871233,2063,12440
833863086058651648,2245,12825
833826103416520705,3538,17326
833732339549220864,210,0
833722901757046785,3040,19978
833479644947025920,1914,14227
833124694597443584,4522,19304
832998151111966721,2055,12629
832769181346996225,38,0
832757312314028032,3383,16096
832682457690300417,2712,11310
832645525019123713,494,2787
832636094638288896,2603,15128
832397543355072512,2069,11424
832369877331693569,2984,16374
832273440279240704,2182,10843
832215909146226688,5821,0
832215726631055365,8717,0
832088576586297345,2,61
832040443403784192,8971,0
832032802820481025,4370,17038
831939777352105988,5747,22833
831926988323639298,34,324
831911600680497154,6078,26246
831670449226514432,1711,9953
831650051525054464,1814,6797
831552930092285952,2193,8582
831322785565769729,1467,8893
831315979191906304,1049,6264
831309418084069378,2306,11278
831262627380748289,1922,11351
830956169170665475,1399,7633
830583320585068544,15673,63483
830173239259324417,5330,0
830097400375152640,2755,9307
829878982036299777,4675,0
829861396166877184,1812,11710
829501995190984704,9931,30337
829449946868879360,1891,10010
829449946868879360,1891,10010
829141528400556032,6876,23241
829011960981237760,15370,51010
828801551087042563,3215,0
828770345708580865,5493,24465
828708714936930305,10510,34822
828650029636317184,1260,9107
828409743546925057,1096,6112
828408677031882754,1205,7367
828381636999917570,2089,12057
828376505180889089,1002,7090
828372645993398273,2765,12060
828361771580813312,166,2097
828046555563323392,2702,11219
828011680017821696,2025,9922
827933404142436356,4916,19148
827653905312006145,2835,14824
827600520311402496,876,7163
827324948884643840,2851,15181
827324948884643840,2851,15181
827199976799354881,2091,10145
826958653328592898,4675,20618
826848821049180160,9503,34552
826615380357632002,3747,0
826598799820865537,233,4931
826598365270007810,2207,9577
826476773533745153,3960,17601
826240494070030336,2447,12714
826204788643753985,865,4677
826115272272650244,2923,14955
825876512159186944,1752,10057
825829644528148480,2363,12222
825535076884762624,16637,54758
825147591692263424,4256,17523
825120256414846976,1180,0
825026590719483904,1180,5997
824796380199809024,5182,0
824775126675836928,3319,14297
824663926340194305,1668,10073
824325613288833024,10055,11336
824297048279236611,3633,14427
824025158776213504,570,4643
823939628516474880,2572,10217
823719002937630720,10521,0
823699002998870016,2370,13411
823581115634085888,2475,12461
823333489516937216,21,671
823322678127919110,3782,15052
823269594223824897,9353,0
822975315408461824,3249,16613
822872901745569793,40596,125875
822859134160621569,2139,12650
822647212903690241,6033,0
822610361945911296,2775,14178
822489057087389700,6033,17374
822462944365645825,13387,26674
822244816520155136,9353,33553
822163064745328640,4462,0
821886076407029760,2171,10836
821813639212650496,3165,0
821765923262631936,1575,8031
821522889702862852,1650,7686
821421320206483457,5223,0
821407182352777218,4060,11243
821153421864615936,9,238
821149554670182400,1846,8234
821107785811234820,2001,9204
821044531881721856,2155,12141
820837357901512704,6340,0
820749716845686786,9354,30260
820690176645140481,3047,11747
820494788566847489,531,0
820446719150292993,2429,0
820314633777061888,531,3222
820078625395449857,5895,18931
820013781606658049,1097,0
819952236453363712,1097,5105
819924195358416896,4606,12407
819711362133872643,2921,12819
819588359383371776,1894,9291
819347104292290561,1131,6952
819238181065359361,387,2169
819227688460238848,6340,22101
819015337530290176,35076,0
819015331746349057,18051,0
819006400881917954,18051,43608
819004803107983360,35076,83773
818646164899774465,19767,0
818627210458333184,7166,21542
818614493328580609,2383,9452
818588835076603904,5772,0
818536468981415936,2309,10421
818307523543449600,7583,0
818259473185828864,2122,10567
818145370475810820,2408,11775
817908911860748288,753,4664
817827839487737858,25533,49327
817777686764523521,2550,10361
817536400337801217,2766,11285
817502432452313088,3201,0
817423860136083457,13809,32322
817415592588222464,902,5377
817181837579653120,7997,0
817171292965273600,1906,8420
817120970343411712,2456,11711
817056546584727552,1547,8259
816829038950027264,4455,0
816816676327063552,1916,9625
816697700272001025,2078,9395
816450570814898180,7583,29107
816336735214911488,1828,8271
816091915477250048,2011,8596
816062466425819140,957,0
816014286006976512,4953,0
815990720817401858,957,4748
815966073409433600,7997,21470
815745968457060357,3923,0
815736392542261248,2150,9447
815639385530101762,1569,7926
815390420867969024,3623,9950
814986499976527872,1201,7369
814638523311648768,2553,10859
814578408554463233,5540,0
814530161257443328,1753,8319
814153002265309185,8220,27660
813944609378369540,3009,0
813910438903693312,1763,8977
813812741911748608,13240,35069
813800681631023104,1671,8006
813217897535406080,6944,17924
813202720496779264,1733,8905
813187593374461952,4116,19131
813172488309972993,1835,8934
813157409116065792,2091,7474
813142292504645637,2277,8200
813130366689148928,425,4335
813127251579564032,2956,11378
813112105746448384,2600,9934
813096984823349248,3446,10185
813081950185472002,2642,9557
813066809284972545,1864,7657
813051746834595840,6976,20206
812781120811126785,1805,7253
812781120811126785,1805,7253
812709060537683968,1372,6379
812503143955202048,1167,5841
812466873996607488,1827,7682
812372279581671427,3485,13132
811985624773361665,1331,7016
811744202451197953,1509,7271
811647686436880384,700,5386
811627233043480576,2906,12250
811386762094317568,6070,20133
810984652412424192,1356,5130
810896069567610880,1668,8671
810657578271330305,2508,10569
810284430598270976,10666,33854
810254108431155201,3215,14177
809920764300447744,3747,15009
809808892968534016,4662,0
809448704142938112,1394,6712
809220051211603969,5330,19173
809084759137812480,3360,12746
808838249661788160,2907,9785
808733504066486276,2058,7614
808501579447930884,2483,10926
808344865868283904,19767,40798
808134635716833280,5611,0
808106460588765185,2096,8527
808001312164028416,3361,12055
807621403335917568,3447,14069
807106840509214720,52538,113367
807059379405148160,6988,0
807010152071229440,3694,12683
806629075125202948,32899,71660
806620845233815552,5231,0
806576416489959424,1857,4723
806542213899489280,2249,9864
806242860592926720,11055,0
806219024703037440,1149,6230
805958939288408065,5099,0
805932879469572096,1832,8007
805826884734976000,1741,6347
805823200554876929,7601,0
805520635690676224,1579,5564
805487436403003392,2410,8481
805207613751304193,1644,7591
804738756058218496,3651,13185
804475857670639616,1923,5936
804413760345620481,3065,0
804026241225523202,15287,42732
803773340896923648,2611,9694
803692223237865472,7056,0
803638050916102144,3951,10540
803380650405482500,1791,7502
803321560782307329,5044,0
803276597545603072,2327,9681
802952499103731712,1906,8711
802624713319034886,2768,0
802600418706604034,1397,6871
802572683846291456,2403,8657
802323869084381190,5580,15591
802265048156610565,1317,6713
802265048156610565,1317,6713
802239329049477120,2504,8788
802185808107208704,258,0
801958328846974976,1619,7479
801854953262350336,222,1748
801538201127157760,1986,7945
801285448605831168,784,5836
801167903437357056,5611,23531
801127390143516673,3770,0
801115127852503040,2006,7791
800859414831898624,91,656
800855607700029440,1531,0
800751577355128832,2668,10243
800513324630806528,2864,12701
800459316964663297,2086,9180
800443802682937345,4099,0
800388270626521089,2661,10762
800188575492947969,3764,0
800141422401830912,2429,14736
800018252395122689,12506,27278
799774291445383169,4440,0
799757965289017345,2041,8095
799422933579902976,1830,7802
799308762079035393,5175,0
799297110730567681,2610,9520
799063482566066176,2379,7810
798933969379225600,4233,12611
798925684722855936,1381,7272
798705661114773508,6322,0
798701998996647937,7377,0
798697898615730177,6192,0
798694562394996736,4730,0
798686750113755136,2212,0
798682547630837760,4506,0
798673117451325440,5306,0
798665375516884993,3731,0
798644042770751489,1766,0
798628517273620480,1886,0
798585098161549313,5379,0
798576900688019456,5584,0
798340744599797760,3193,0
798209839306514432,2457,10078
797971864723324932,2943,11160
797545162159308800,4679,14077
797236660651966464,6253,19225
797165961484890113,25,217
796904159865868288,8505,0
796865951799083009,1858,7427
796759840936919040,2889,11375
796563435802726400,6875,0
796484825502875648,1675,7300
796387464403357696,3961,10620
796177847564038144,13594,0
796149749086875649,13594,31010
796125600683540480,1712,4809
796116448414461957,2288,8776
796080075804475393,2198,8149
796031486298386433,3557,10434
795464331001561088,22330,47513
795400264262053889,2726,9666
795076730285391872,5182,15600
794983741416415232,3204,0
794926597468000259,2196,9852
794355576146903043,9813,0
794332329137291264,2573,9289
794205286408003585,3165,8909
793962221541933056,4662,16170
793845145112371200,1775,8906
793614319594401792,2987,0
793601777308463104,1542,7696
793500921481273345,2263,10286
793286476301799424,8717,23689
793271401113350145,2294,8396
793256262322548741,7938,19233
793241302385262592,3133,10132
793226087023144960,2756,9435
793210959003287553,2652,8599
793195938047070209,5357,14669
793180763617361921,1902,6670
793165685325201412,2663,9032
793150605191548928,1617,5942
793135492858580992,2398,6182
793120401413079041,3739,12199
792913359805018113,3768,13789
792883833364439040,4071,10888
792773781206999040,1607,7106
792394556390137856,4073,12922
792050063153438720,1697,6874
791821351946420224,20061,0
791784077045166082,9053,0
791780927877898241,3626,0
791774931465953280,21100,43325
791672322847637504,2987,11329
791406955684368384,3923,12672
791312159183634433,2410,8455
791026214425268224,3881,0
790987426131050500,2029,9451
790946055508652032,4455,16098
790723298204217344,2192,0
790698755171364864,1834,7931
790581949425475584,6762,19872
790337589677002753,1801,7565
790277117346975746,3009,12102
790227638568808452,3375,0
789986466051088384,2192,8947
789960241177853952,3903,0
789903600034189313,3934,9929
789628658055020548,1678,7210
789599242079838210,1826,6484
789530877013393408,3204,11281
789314372632018944,2174,8314
789280767834746880,4669,0
789268448748703744,2483,8794
789137962068021249,2650,9373
788908386943430656,11881,26455
788765914992902144,9813,26327
788552643979468800,6777,0
788412144018661376,5011,14937
788178268662984705,2005,6996
788150585577050112,1216,5888
788070120937619456,3261,0
788039637453406209,1250,5885
787810552592695296,2886,8275
787717603741622272,2631,9861
787397959788929025,2715,10497
787322443945877504,1649,7518
787111942498508800,6406,0
786963064373534720,7572,25654
786729988674449408,2305,0
786709082849828864,5821,17607
786664955043049472,2409,10194
786595970293370880,2982,9134
786363235746385920,3285,10442
786286427768250368,2686,7664
786233965241827333,4462,14650
786051337297522688,151,1372
786036967502913536,6606,0
785927819176054784,3040,10976
785872687017132033,1699,6443
785639753186217984,2130,7577
785533386513321988,1875,8724
785515384317313025,1190,5891
785264754247995392,1543,6987
785170936622350336,4573,11543
784826020293709826,3065,9712
784517518371221505,2393,8620
784431430411685888,1204,5511
784183165795655680,7601,19242
784057939640352768,10521,28552
783839966405230592,10222,28790
783821107061198850,1860,7085
783695101801398276,3041,10029
783466772167098368,2115,8112
783391753726550016,5176,16216
783347506784731136,5238,0
783334639985389568,11055,27921
783085703974514689,2056,7836
782969140009107456,6988,23176
782747134529531904,1337,7184
782722598790725632,5099,16548
782598640137187329,1783,7500
782305867769217024,5223,15945
782021823840026624,5837,0
781955203444699136,3185,10721
781661882474196992,2569,10026
781655249211752448,1071,3843
781524693396357120,5231,19910
781308096455073793,2419,6854
781251288990355457,1965,8057
781163403222056960,2617,9414
780931614150983680,6875,20765
780858289093574656,1899,6909
780800785462489090,1225,5261
780601303617732608,3165,11600
780543529827336192,1655,6035
780496263422808064,3477,0
780476555013349377,105,0
780459368902959104,1016,5073
780192070812196864,2119,8347
780092040432480260,2171,0
780074436359819264,4661,11589
779834332596887552,6606,18018
779377524342161408,2937,8390
779124354206535695,17238,0
779124354206535695,17238,0
779056095788752897,4280,14139
778990705243029504,6760,19031
778774459159379968,9304,0
778764940568104960,344,828
778748913645780993,1229,6571
778650543019483137,1411,5495
778624900596654080,956,4404
778408200802557953,4077,13051
778396591732486144,11506,0
778383385161035776,1032,5586
778286810187399168,3119,9911
778039087836069888,2503,8098
778027034220126208,1512,6289
777953400541634568,3316,0
777885040357281792,1538,6088
777684233540206592,2768,10770
777641927919427584,3979,0
777621514455814149,2368,8362
777189768882946048,4051,13546
776819012571455488,12837,0
776813020089548800,1136,4671
776477788987613185,2601,8389
776249906839351296,8601,0
776218204058357768,14933,28497
776201521193218049,2374,9145
776113305656188928,4099,11292
776088319444877312,142,1745
775898661951791106,15782,0
775842724423557120,2500,11214
775733305207554048,3770,13279
775729183532220416,4353,12431
775364825476165632,2770,7046
775350846108426240,3682,9717
775350846108426240,3682,9717
775085132600442880,4440,14851
774757898236878852,1682,8259
774639387460112384,1636,6449
774314403806253056,5175,20842
773985732834758656,3636,10301
773922284943896577,1647,6137
773704687002451968,1523,6324
773670353721753600,1244,5127
773547596996571136,5772,21120
773336787167145985,4758,0
773308824254029826,7056,22328
773247561583001600,3061,9035
773191612633579521,3876,9544
772877495989305348,3641,8171
772826264096874500,2232,7680
772615324260794368,3172,0
772581559778025472,1605,6209
772193107915964416,1306,5743
772152991789019136,1066,3641
772117678702071809,695,3600
772114945936949249,447,2616
772102971039580160,882,3823
771908950375665664,1781,6272
771770456517009408,3193,11461
771500966810099713,2452,7895
771380798096281600,4758,10047
771171053431250945,6986,0
771136648247640064,2748,8740
771102124360998913,1354,5955
771014301343748096,1559,6583
771014301343748096,1559,6583
770787852854652928,1124,4699
770772759874076672,1341,4954
770772759874076672,1341,4954
770655142660169732,1684,7023
770414278348247044,1961,6045
770293558247038976,1373,5919
770093767776997377,2863,0
770069151037685760,2151,7241
769940425801170949,8971,29775
769695466921623552,1586,6135
769335591808995329,7248,0
769212283578875904,1623,5146
768970937022709760,6100,13605
768909767477751808,2494,0
768855141948723200,837,3993
768609597686943744,1121,3915
768596291618299904,1209,4808
768554158521745409,5467,0
768473857036525572,3212,12967
768193404517830656,3316,10358
767884188863397888,1280,4527
767754930266464257,5044,15224
767500508068192258,2182,7153
767191397493538821,3531,11717
767122157629476866,2690,9687
767122157629476866,2690,9687
766793450729734144,1275,4818
766714921925144576,356,2489
766693177336135680,744,3838
766423258543644672,1473,5714
766313316352462849,1766,6443
766078092750233600,2461,0
766069199026450432,793,4010
766008592277377025,468,3594
765719909049503744,2029,6903
765669560888528897,1154,4936
765395769549590528,3175,25500
765371061932261376,2042,6770
765222098633691136,3172,11071
764857477905154048,1666,6157
764259802650378240,1417,5731
763956972077010945,50,738
763837565564780549,3881,11948
763183847194451968,1390,5124
763167063695355904,2812,0
763103485927849985,2159,7025
762699858130116608,3375,11541
762471784394268675,6006,10669
762464539388485633,3903,9794
762316489655476224,1039,4561
762035686371364864,14540,30226
761976711479193600,1861,5137
761750502866649088,3644,0
761745352076779520,811,4083
761672994376806400,27206,46954
761599872357261312,1113,3938
761371037149827077,16945,0
761334018830917632,1361,4919
761292947749015552,1023,4270
761227390836215808,1475,5080
761004547850530816,3261,10804
760893934457552897,906,3622
760656994973933572,1777,6259
760641137271070720,1204,4752
760539183865880579,3386,7189
760521673607086080,1302,3983
760290219849637889,10743,25472
760252756032651264,811,3761
760190180481531904,1676,5433
760153949710192640,30,0
759943073749200896,1952,5638
759943073749200896,1952,5638
759846353224826880,1837,6386
759793422261743616,1784,5668
759793422261743616,1784,5668
759557299618865152,1123,4456
759447681597108224,2305,8064
759446261539934208,458,1588
759197388317847553,1823,5787
759159934323924993,1090,0
759099523532779520,3886,13809
759047813560868866,1877,6155
758854675097526272,855,3378
758828659922702336,3610,10651
758740312047005698,1516,5444
758474966123810816,932,3600
758467244762497024,2055,4544
758405701903519748,1784,4943
758355060040593408,981,3205
758099635764359168,9304,18008
758041019896193024,345,2566
757741869644341248,3066,6513
757729163776290825,7339,0
757725642876129280,1123,4306
757611664640446465,1016,4348
757597904299253760,283,0
757596066325864448,979,4129
757400162377592832,6421,14339
757393109802180609,1610,5515
757354760399941633,1318,4271
756998049151549440,1860,5957
756939218950160384,1873,6314
756651752796094464,1209,4779
756526248105566208,3356,9852
756303284449767430,1029,3745
756288534030475264,16561,41828
756275833623502848,1433,6070
755955933503782912,2671,6924
755206590534418437,4981,15572
755110668769038337,10351,20067
754874841593970688,7367,0
754856583969079297,2344,6540
754747087846248448,483,2450
754482103782404096,1821,5015
754449512966619136,685,3554
754120377874386944,2199,7502
754120377874386944,2199,7502
753655901052166144,2030,5531
753420520834629632,3301,7459
753398408988139520,1767,5441
753375668877008896,2171,7244
753298634498793472,5298,0
753294487569522689,973,3170
753039830821511168,19487,35118
753026973505581056,891,3721
752932432744185856,6406,11948
752917284578922496,1463,6594
752701944171524096,2666,0
752682090207055872,1485,5688
752660715232722944,1452,4137
752568224206688256,2120,5199
752519690950500352,3211,6965
752334515931054080,1026,3634
752309394570878976,15107,0
752173152931807232,1702,5632
751950017322246144,850,2898
751937170840121344,1220,4896
751830394383790080,1817,5515
751793661361422336,2678,5491
751598357617971201,2872,7531
751583847268179968,1018,4164
751538714308972544,1167,4790
751456908746354688,937,3059
751251247299190784,5475,11896
751205363882532864,1698,5994
751132876104687617,1203,4799
750868782890057730,1274,4542
750719632563142656,4669,12457
750506206503038976,1072,4199
750429297815552001,3979,12468
750383411068534784,1059,4317
750381685133418496,27,676
750147208377409536,887,2957
750132105863102464,1202,3425
750117059602808832,1230,4118
750101899009982464,785,2896
750086836815486976,497,2053
750071704093859840,3089,7364
750056684286914561,840,2999
750041628174217216,576,3004
750026558547456000,730,2570
750011400160841729,834,3051
749996283729883136,765,2882
749981277374128128,2308,4836
749774190421639168,1240,4424
749417653287129088,1532,5778
749403093750648834,499,2477
749395845976588288,3212,8077
749317047558017024,2077,5171
749075273010798592,1920,5442
749064354620928000,1433,4561
749036806121881602,740,2924
748977405889503236,3175,10180
748932637671223296,2096,5484
748705597323898880,889,2627
748699167502000129,1477,4481
748692773788876800,1244,3995
748575535303884801,1842,5733
748568946752774144,625,2083
748346686624440324,1144,4935
748337862848962560,3804,7166
748324050481647620,709,3502
748307329658011649,666,3496
748220828303695873,7228,13336
747963614829678593,1987,5453
747933425676525569,2391,6257
747885874273214464,897,2758
747844099428986880,691,2668
747816857231626240,1081,4558
747651430853525504,143,1289
747648653817413632,5418,12137
747600769478692864,528,2202
747594051852075008,963,3473
747512671126323200,1499,5204
747461612269887489,966,3653
747439450712596480,1775,5105
747242308580548608,2694,0
747219827526344708,1459,4958
747204161125646336,848,3169
747103485104099331,3684,9011
746906459439529985,275,2754
746872823977771008,1982,5661
746818907684614144,1619,5016
746790600704425984,1492,4584
746757706116112384,3626,8991
746726898085036033,1666,5721
746542875601690625,1767,4759
746521445350707200,915,0
746507379341139972,1003,4402
746369468511756288,1512,5856
746131877086527488,2030,6486
746056683365994496,755,3376
745789745784041472,986,3753
745712589599014916,2161,6604
745433870967832576,2352,6651
745422732645535745,2233,8066
745314880350101504,2533,6714
745074613265149952,3241,7395
745057283344719872,2074,6853
744995568523612160,573,2790
744971049620602880,2480,7408
744709971296780288,1464,5299
744334592493166593,1966,6417
744234799360020481,71912,146784
744223424764059648,332,1551
743980027717509120,1022,3951
743895849529389061,895,3451
743835915802583040,1908,0
743609206067040256,1290,4213
743595368194129920,6047,17212
743545585370791937,877,3325
743510151680958465,3471,7512
743253157753532416,1137,3987
743222593470234624,1773,5834
743210557239623680,1259,3607
742534281772302336,3329,6646
742528092657332225,1822,4167
742465774154047488,3651,6843
742423170473463808,3477,9253
742385895052087300,1814,6394
742161199639494656,1263,4051
742150209887731712,1434,4790
741793263812808706,1401,4273
741743634094141440,2546,7667
741438259667034112,758,3470
741303864243200000,2980,8259
741099773336379392,5116,9361
741067306818797568,2863,8998
740995100998766593,2515,5937
740711788199743490,879,3191
740699697422163968,720,2692
740676976021798912,6322,17110
740373189193256964,12328,33046
740365076218183684,392,2286
740359016048689152,808,3083
740214038584557568,1812,6289
739979191639244800,5467,18783
739932936087216128,997,3821
739844404073074688,802,3581
739623569819336705,1258,3546
739606147276148736,1524,5061
739544079319588864,19575,36979
739485634323156992,2681,6677
739238157791694849,53700,108699
738891149612572673,6,94
738885046782832640,1059,3551
738883359779196928,730,3089
738537504001953792,1422,4770
738402415918125056,760,3052
738184450748633089,1127,4045
738166403467907072,3082,8209
738156290900254721,593,2327
737826014890496000,1633,4920
737800304142471168,3212,9398
737678689543020544,1223,4717
737445876994609152,4126,9612
737322739594330112,748,3370
737310737551491075,6849,13719
736736130620620800,1575,3951
736392552031657984,6777,16606
736365877722001409,1140,3726
736225175608430592,2587,7615
736010884653420544,2745,7356
735991953473572864,1048,3349
735648611367784448,1031,3787
735635087207878657,2181,5768
735274964362878976,4623,12225
735256018284875776,817,3127
735137028879360001,896,2938
734912297295085568,486,2589
734787690684657664,5851,11737
734776360183431168,495,2361
734559631394082816,361,1394
733828123016450049,727,3353
733822306246479872,950,3442
733482008106668032,865,2925
733460102733135873,1163,3930
733109485275860992,15781,50099
732732193018155009,491,2272
732726085725589504,814,3345
732585889486888962,721,3419
732375214819057664,2316,7552
732005617171337216,4953,13929
731285275100512256,920,3278
731156023742988288,1163,3599
730924654643314689,1821,5741
730573383004487680,1957,4550
730427201120833536,958,3256
730211855403241472,974,3556
730196704625098752,1730,4502
729854734790754305,1036,3777
729838605770891264,346,1625
729823566028484608,1149,3708
729463711119904772,2133,5397
729113531270991872,293,1761
728986383096946689,747,2932
728760639972315136,1574,4360
728751179681943552,626,2595
728653952833728512,962,3102
728409960103686147,1855,4587
728387165835677696,889,3471
728046963732717569,1103,4007
728035342121635841,1542,4240
728015554473250816,1015,3859
727685679342333952,585,2781
727644517743104000,1615,5486
727524757080539137,1109,4185
727314416056803329,685,3115
727286334147182592,762,2869
727175381690781696,1267,3645
727155742655025152,1219,3384
726935089318363137,2252,6417
726887082820554753,1393,3587
726828223124897792,934,3349
726224900189511680,1057,4147
725842289046749185,2461,6631
725786712245440512,1267,3914
725729321944506368,1637,4867
725458796924002305,568,1324
724983749226668032,1190,3495
724771698126512129,576,2193
724405726123311104,1540,4941
724049859469295616,1651,4048
724046343203856385,521,2499
724004602748780546,1415,3904
723912936180330496,1148,3652
723688335806480385,2687,7166
723673163800948736,829,2836
723179728551723008,1725,4937
722974582966214656,1456,3838
722613351520608256,1515,4653
721503162398597120,1671,4303
721001180231503872,565,2380
720785406564900865,709,2895
720775346191278080,594,2297
720415127506415616,1387,3864
720389942216527872,2298,5961
720340705894408192,901,2668
720059472081784833,1037,3609
720043174954147842,1860,4646
719991154352222208,1612,4542
719704490224398336,1316,4249
719551379208073216,1749,4723
719367763014393856,697,2630
719339463458033665,1143,4181
719332531645071360,877,3229
718971898235854848,999,3254
718939241951195136,1618,4894
718631497683582976,7377,17654
718613305783398402,437,2288
718540630683709445,943,2283
718460005985447936,485,2538
718454725339934721,1400,4560
718246886998687744,456,1789
718234618122661888,926,3626
717841801130979328,555,2306
717790033953034240,1005,2672
717537687239008257,1702,5408
717428917016076293,415,1509
717421804990701568,773,2932
717047459982213120,1766,5885
717009362452090881,888,3030
716802964044845056,1075,4033
716791146589110272,1470,7762
716730379797970944,403,1151
716447146686459905,5416,12221
716439118184652801,195,2234
716285507865542656,979,2601
716080869887381504,1747,6354
715928423106027520,809,2986
715758151270801409,1315,3477
715733265223708672,1560,4375
715704790270025728,526,2603
715696743237730304,1192,3673
715680795826982913,1477,4024
715360349751484417,1437,5113
715342466308784130,635,2844
715220193576927233,598,2257
715200624753819648,1725,4830
715009755312439296,1132,3885
714982300363173890,952,3490
714962719905021952,3927,6881
714957620017307648,1301,3880
714631576617938945,915,3065
714606013974974464,853,3405
714485234495041536,1036,2497
714258258790387713,682,2861
714251586676113411,777,3078
714214115368108032,811,2146
714141408463036416,1304,4063
713919462244790272,736,3091
713909862279876608,498,1780
713900603437621249,679,2661
713761197720473600,1260,4540
713411074226274305,1205,4157
713177543487135744,2643,6756
713175907180089344,1356,4156
712809025985978368,6192,17835
712717840512598017,4586,11507
712668654853337088,1122,3890
712438159032893441,1445,4984
712309440758808576,24,222
712097430750289920,958,3533
712092745624633345,826,2752
712085617388212225,449,3070
712065007010385924,579,2102
711998809858043904,122,0
711968124745228288,2134,7539
711743778164514816,922,2664
711732680602345472,3767,8232
711694788429553666,16945,30764
711652651650457602,839,3613
711363825979756544,1043,3379
711306686208872448,687,3101
711008018775851008,568,2798
710997087345876993,1278,4285
710844581445812225,631,2382
710833117892898816,491,2517
710658690886586372,527,2175
710609963652087808,2198,4495
710588934686908417,1728,4247
710296729921429505,682,2241
710283270106132480,489,2030
710272297844797440,1165,4217
710269109699739648,1032,2235
710153181850935296,830,2730
710140971284037632,821,2563
710117014656950272,1828,5108
709918798883774466,1008,3284
709901256215666688,96,616
709852847387627521,1114,3280
709566166965075968,1105,3322
709556954897764353,994,3073
709519240576036864,221,1408
709449600415961088,531,2058
709409458133323776,638,2477
709225125749587968,530,2250
709207347839836162,5303,11631
709198395643068416,598,2301
709179584944730112,622,1890
709158332880297985,376,1902
709042156699303936,1511,4420
708853462201716736,603,1687
708845821941387268,828,2779
708834316713893888,465,1579
708810915978854401,6378,15475
708738143638450176,756,2579
708711088997666817,659,2374
708479650088034305,634,2382
708469915515297792,749,2900
708400866336894977,9252,14915
708356463048204288,1226,3357
708349470027751425,686,2221
708149363256774660,1440,4046
708130923141795840,796,3164
708119489313951744,911,2518
708109389455101952,513,1828
708026248782585858,1786,4131
707995814724026368,1035,2924
707983188426153984,2,46
707969809498152960,887,2530
707776935007539200,885,3068
707741517457260545,565,2328
707738799544082433,2251,3796
707693576495472641,927,3181
707629649552134146,802,2403
707610948723478529,5837,15898
707420581654872064,647,2108
707411934438625280,555,2152
707387676719185920,1170,3274
707377100785885184,998,3061
707315916783140866,592,2324
707297311098011648,723,2617
707059547140169728,628,2439
707038192327901184,732,2046
707021089608753152,1249,3814
707014260413456384,552,2157
706904523814649856,7248,13663
706901761596989440,536,1916
706681918348251136,905,3086
706644897839910912,1010,2395
706593038911545345,591,2025
706538006853918722,1327,3257
706516534877929472,949,2929
706346369204748288,861,3238
706310011488698368,7284,19883
706291001778950144,443,1601
706265994973601792,862,2566
706169069255446529,2043,3657
706166467411222528,1484,4812
706153300320784384,351,1389
705975130514706432,673,2911
705970349788291072,819,2986
705898680587526145,508,2227
705786532653883392,477,1826
705591895322394625,1054,2969
705475953783398401,850,2797
705442520700944385,1488,4132
705428427625635840,1547,3574
705239209544720384,690,2813
705223444686888960,737,2416
705102439679201280,481,2008
705066031337840642,563,2049
704871453724954624,1038,4028
704859558691414016,490,2110
704847917308362754,1401,4777
704819833553219584,909,2482
704761120771465216,2694,6233
704499785726889984,923,2707
704491224099647488,73,699
704480331685040129,996,3192
704364645503647744,3290,7471
704347321748819968,320,1475
704134088924532736,416,1409
704113298707505153,528,1743
704054845121142784,856,2750
703774238772166656,412,1739
703769065844768768,1043,3056
703631701117943808,611,2402
703611486317502464,1411,3612
703425003149250560,1250,3552
703407252292673536,638,2291
703382836347330562,1050,3272
703356393781329922,356,1801
703268521220972544,502,1857
703079050210877440,2860,6930
703041949650034688,11505,24728
702932127499816960,667,2410
702899151802126337,417,1505
702684942141153280,984,3035
702671118226825216,515,2044
702598099714314240,3184,11497
702539513671897089,888,2697
702332542343577600,1421,2974
702321140488925184,971,3083
702276748847800320,710,2321
702217446468493312,1244,4476
701981390485725185,911,3220
701952816642965504,946,3606
701889187134500865,1285,3322
701805642395348998,1539,3193
701601587219795968,425,1971
701570477911896070,865,2635
701545186879471618,566,2502
701214700881756160,4730,11459
700890391244103680,522,2075
700864154249383937,577,2442
700847567345688576,458,2318
700796979434098688,872,2283
700747788515020802,8601,21363
700518061187723268,737,2444
700505138482569216,533,2149
700462010979500032,1648,3847
700167517596164096,670,2474
700151421916807169,623,2093
700143752053182464,2494,7043
700062718104104960,628,2479
700029284593901568,539,1949
700002074055016451,1233,3085
699801817392291840,872,2817
699788877217865730,477,2099
699779630832685056,1136,2556
699775878809702401,557,1838
699691744225525762,4247,9626
699446877801091073,2436,5610
699434518667751424,473,2055
699423671849451520,297,1273
699413908797464576,583,1960
699370870310113280,400,1778
699323444782047232,794,2947
699088579889332224,576,2120
699079609774645248,593,2295
699072405256409088,1101,2779
699060279947165696,1658,3506
699036661657767936,1117,2441
698989035503689728,892,3125
698953797952008193,845,2526
698907974262222848,567,2378
698710712454139905,630,2313
698703483621523456,345,1351
698635131305795584,321,1216
698549713696649216,573,2183
698355670425473025,407,1726
698342080612007937,890,2121
698262614669991936,1827,4471
698195409219559425,5539,15773
698178924120031232,689,2636
697995514407682048,311,1435
697990423684476929,1194,3075
697943111201378304,625,2243
697881462549430272,1073,2832
697630435728322560,504,1625
697616773278015490,936,2932
697596423848730625,1163,2820
697575480820686848,465,1916
697516214579523584,1023,1912
697482927769255936,619,2277
697463031882764288,1292,3222
697270446429966336,1742,4425
697259378236399616,919,3091
697255105972801536,1078,2878
697242256848379904,627,2371
696900204696625153,956,2963
696894894812565505,632,2206
696886256886657024,1652,4527
696877980375769088,655,2297
696754882863349760,331,1388
696744641916489729,857,1930
696713835009417216,599,2217
696518437233913856,1598,3682
696490539101908992,129,1148
696488710901260288,946,2348
696405997980676096,1068,2992
696100768806522880,598,1809
695816827381944320,1071,2811
695794761660297217,721,2963
695767669421768709,677,1738
695629776980148225,1932,4273
695446424020918272,1685,4158
695409464418041856,3318,8129
695314793360662529,1329,3392
695095422348574720,564,2497
695074328191332352,1018,2657
695064344191721472,537,1504
695051054296211456,732,2476
694925794720792577,843,2536
694905863685980160,861,2580
694669722378485760,13300,33597
694356675654983680,261,1415
694352839993344000,558,1905
694342028726001664,446,1495
694329668942569472,464,1865
694206574471057408,1888,3881
694183373896572928,859,2759
694001791655137281,943,3195
693993230313091072,372,1770
693942351086120961,336,1647
693647888581312512,532,2521
693644216740769793,116,1281
693642232151285760,383,2393
693629975228977152,738,2297
693622659251335168,343,1440
693590843962331137,1813,4731
693582294167244802,228,1544
693486665285931008,583,1663
693280720173801472,1145,3140
693267061318012928,744,2229
693262851218264065,460,2070
693231807727280129,690,2709
693155686491000832,2963,7389
693109034023534592,562,1597
693095443459342336,419,1735
692919143163629568,710,2546
692905862751522816,813,2272
692901601640583168,554,1643
692894228850999298,730,2117
692828166163931137,823,2699
692752401762250755,3371,6396
692568918515392513,1428,4093
692535307825213440,1258,2952
692530551048294401,377,1734
692423280028966913,203,1389
692417313023332352,3200,8792
692187005137076224,761,2380
692158366030913536,736,2010
692142790915014657,361,1540
692041934689402880,1165,3177
692017291282812928,889,2719
691820333922455552,1530,3723
691793053716221953,3912,7616
691756958957883396,912,2651
691675652215414786,469,1830
691483041324204033,515,2238
691459709405118465,1046,3791
691444869282295808,769,2470
691416866452082688,7056,18154
691321916024623104,615,2425
691096613310316544,817,2801
691090071332753408,313,1629
690989312272396288,2663,5541
690959652130045952,1135,3362
690938899477221376,1788,3830
690932576555528194,931,3079
690735892932222976,1176,3552
690728923253055490,477,2034
690690673629138944,764,2189
690649993829576704,253,1225
690607260360429569,15,284
690597161306841088,560,1818
690400367696297985,418,1778
690374419777196032,781,3029
690360449368465409,813,2491
690348396616552449,477,1398
690248561355657216,376,1568
690021994562220032,945,2628
690015576308211712,676,2348
690005060500217858,1564,3438
689999384604450816,336,1331
689993469801164801,419,1371
689977555533848577,418,1287
689905486972461056,640,2297
689877686181715968,1070,2851
689835978131935233,699,2046
689661964914655233,863,3041
689659372465688576,3565,9697
689623661272240129,593,2077
689599056876867584,5125,10934
689557536375177216,419,1936
689517482558820352,1318,3193
689289219123089408,865,2107
689283819090870273,1024,3063
689280876073582592,648,1856
689275259254616065,232,1075
689255633275777024,1000,2398
689154315265683456,915,2898
689143371370250240,465,1891
688916208532455424,789,2538
688908934925697024,712,1972
688898160958271489,723,1960
688894073864884227,634,2096
688828561667567616,334,1293
688804835492233216,174,905
688789766343622656,615,2089
688547210804498433,645,2437
688519176466644993,673,2185
688385280030670848,4155,8695
688211956440801280,775,2113
688179443353796608,540,2007
688116655151435777,710,2654
688064179421470721,330,1631
687841446767013888,2300,5104
687826841265172480,1032,2565
687818504314159109,887,2320
687807801670897665,667,2234
687732144991551489,613,1649
687704180304273409,777,2275
687664829264453632,477,1824
687494652870668288,536,1786
687480748861947905,222,1501
687476254459715584,493,1854
687460506001633280,499,1935
687399393394311168,569,1780
687317306314240000,8505,18951
687312378585812992,1762,4090
687127927494963200,2088,5058
687124485711986689,469,2049
687109925361856513,2280,5449
687102708889812993,888,2193
687096057537363968,560,2108
686947101016735744,2962,8122
686760001961103360,1284,3292
686749460672679938,1341,3251
686730991906516992,1113,3869
686683045143953408,749,2648
686618349602762752,1263,3465
686606069955735556,502,1780
686394059078897668,641,1626
686386521809772549,812,3049
686377065986265092,523,2079
686358356425093120,609,2026
686286779679375361,1557,3787
686050296934563840,677,2090
686035780142297088,109,1077
686034024800862208,1061,2888
686007916130873345,372,2315
686003207160610816,569,1707
685973236358713344,482,1968
685943807276412928,545,1526
685906723014619143,2642,7004
685681090388975616,114,1917
685667379192414208,517,2210
685663452032069632,1358,3018
685641971164143616,705,2729
685547936038666240,14373,30840
685532292383666176,1058,2846
685325112850124800,3642,8812
685321586178670592,589,2489
685315239903100929,959,3083
685307451701334016,405,1954
685268753634967552,1096,2903
685198997565345792,608,2181
685169283572338688,1308,3847
684969860808454144,336,2245
684959798585110529,2873,6383
684940049151070208,958,2994
684926975086034944,427,3273
684914660081053696,1348,3277
684902183876321280,479,1745
684880619965411328,741,1953
684830982659280897,20061,32860
684800227459624960,923,2553
684594889858887680,3237,8335
684588130326986752,1304,3865
684567543613382656,1122,2803
684538444857667585,875,2476
684481074559381504,1091,3631
684460069371654144,514,1851
684241637099323392,3006,7606
684225744407494656,189,1168
684222868335505415,1262,3586
684200372118904832,965,2011
684195085588783105,466,1783
684188786104872960,1074,3283
684177701129875456,604,1892
684147889187209216,1400,2802
684122891630342144,433,1885
684097758874210310,1328,3852
683857920510050305,1039,3573
683852578183077888,322,1815
683849932751646720,869,2446
683834909291606017,1043,2461
683828599284170753,980,2620
683773439333797890,1243,3122
683742671509258241,3066,6061
683515932363329536,2666,6892
683498322573824003,891,2978
683481228088049664,921,2497
683462770029932544,629,2276
683449695444799489,1483,3632
683391852557561860,2212,7167
683357973142474752,840,2717
683142553609318400,959,2685
683111407806746624,833,3189
683098815881154561,598,2034
683078886620553216,524,1883
683030066213818368,686,2022
682962037429899265,15126,34338
682808988178739200,156,1654
682788441537560576,1034,2317
682750546109968385,404,1421
682697186228989953,339,1234
682662431982772225,1004,2859
682638830361513985,547,1936
682429480204398592,1066,3225
682406705142087680,1616,7082
682393905736888321,613,2106
682389078323662849,436,1570
682303737705140231,901,2873
682259524040966145,1104,3874
682242692827447297,1062,3027
682088079302213632,9053,17043
682059653698686977,1561,4611
682047327939461121,863,2992
682032003584274432,1845,6161
682003177596559360,1388,2913
681981167097122816,941,2633
681891461017812993,761,2306
681694085539872773,3764,12002
681679526984871937,407,1661
681654059175129088,836,2459
681610798867845120,429,1771
681579835668455424,1201,3305
681523177663676416,5298,13364
681340665377193984,250,1540
681339448655802368,3765,8689
681320187870711809,683,2456
681302363064414209,1666,3671
681297372102656000,877,3009
681281657291280384,1016,3024
681261549936340994,245,1353
681242418453299201,483,1387
681231109724700672,455,2262
681193455364796417,1368,3468
680970795137544192,599,2245
680959110691590145,1849,4283
680940246314430465,955,2977
680934982542561280,404,1949
680913438424612864,571,2251
680889648562991104,335,1642
680836378243002368,1217,3229
680805554198020098,620,2017
680801747103793152,756,2226
680798457301471234,953,2642
680609293079592961,645,2454
680583894916304897,1218,3371
680497766108381184,1772,3953
680494726643068929,448,1597
680473011644985345,693,2384
680440374763077632,459,1350
680221482581123072,272,1386
680206703334408192,1074,2636
680191257256136705,456,2012
680176173301628928,1424,3616
680161097740095489,681,2176
680145970311643136,1597,3386
680130881361686529,869,2142
680115823365742593,845,2538
680100725817409536,1273,3356
680085611152338944,8292,11944
680070545539371008,793,2426
680070545539371008,793,2426
679877062409191424,595,1837
679872969355714560,609,2049
679862121895714818,566,2295
679854723806179328,1129,2653
679844490799091713,700,2220
679828447187857408,12837,33705
679777920601223168,1011,2898
679736210798047232,730,1948
679729593985699840,767,2022
679722016581222400,433,1558
679530280114372609,1921,4448
679527802031484928,661,2462
679511351870550016,1164,3126
679503373272485890,1356,2958
679475951516934144,593,1949
679462823135686656,17238,29313
679405845277462528,1092,2208
679158373988876288,7367,19729
679148763231985668,951,2591
679132435750195208,1056,2754
679111216690831360,2363,5513
679062614270468097,7339,15727
679047485189439488,600,2085
679001094530465792,1119,2644
678991772295516161,1044,2116
678969228704284672,419,1524
678800283649069056,830,2382
678798276842360832,1053,3206
678774928607469569,833,2607
678767140346941444,1255,3276
678764513869611008,429,1507
678755239630127104,2986,6581
678740035362037760,1513,3447
678708137298427904,2230,5210
678675843183484930,1337,2642
678643457146150913,365,1904
678446151570427904,1396,3716
678424312106393600,2330,5065
678410210315247616,1639,3895
678399652199309312,29093,74594
678396796259975168,381,1479
678389028614488064,386,1731
678380236862578688,836,2270
678341075375947776,481,1597
678334497360859136,228,1192
678278586130948096,5586,10590
678255464182861824,337,1474
678023323247357953,347,1768
678021115718029313,5738,12577
677961670166224897,1554,3176
677918531514703872,375,1240
677895101218201600,1883,4461
677716515794329600,894,2830
677700003327029250,1316,3155
677698403548192770,293,1136
677687604918272002,775,2304
677673981332312066,1371,3085
677662372920729601,861,1806
677644091929329666,743,1733
677573743309385728,623,1966
677565715327688705,420,1210
677557565589463040,1045,2264
677547928504967168,3354,6419
677530072887205888,209,982
677335745548390400,1575,2796
677334615166730240,257,1249
677331501395156992,213,1001
677328882937298944,1375,3390
677314812125323265,480,1527
677301033169788928,361,1130
677269281705472000,649,1826
677228873407442944,1495,3268
677187300187611136,830,2527
676975532580409345,971,2570
676957860086095872,735,2067
676949632774234114,359,1206
676948236477857792,787,1990
676946864479084545,334,1601
676942428000112642,680,1909
676936541936185344,4506,11797
676916996760600576,1648,2739
676897532954456065,657,2079
676864501615042560,643,1931
676821958043033607,14050,21064
676819651066732545,605,1677
676811746707918848,391,1329
676776431406465024,1830,4595
676617503762681856,868,2658
676613908052996102,184,1005
676606785097199616,395,1750
676603393314578432,348,1064
676593408224403456,1944,4197
676590572941893632,113,850
676588346097852417,714,2115
676582956622721024,252,1096
676575501977128964,1017,2373
676533798876651520,502,1724
676496375194980353,475,1404
676470639084101634,4255,10753
676440007570247681,604,1595
676430933382295552,308,1283
676263575653122048,491,1919
676237365392908289,255,1108
676219687039057920,28125,70586
676215927814406144,525,1601
676191832485810177,938,2086
676146341966438401,606,1778
676121918416756736,1050,1988
676101918813499392,1064,2616
676098748976615425,1272,2727
676089483918516224,399,1206
675898130735476737,517,1481
675891555769696257,777,1954
675888385639251968,852,2162
675878199931371520,1267,3826
675870721063669760,512,1496
675853064436391936,1163,2470
675849018447167488,127,878
675845657354215424,793,2090
675822767435051008,484,1401
675820929667219457,215,970
675798442703122432,3112,9463
675781562965868544,426,1483
675740360753160193,302,1083
675710890956750848,734,1723
675707330206547968,618,1809
675706639471788032,86,595
675534494439489536,369,1689
675531475945709568,342,1088
675522403582218240,254,953
675517828909424640,415,1176
675501075957489664,5306,15787
675497103322386432,1168,2867
675489971617296384,537,1173
675483430902214656,876,1687
675432746517426176,513,1383
675372240448454658,466,1549
675362609739206656,199,965
675354435921575936,15107,29866
675349384339542016,2042,3590
675334060156301312,1156,2518
675166823650848770,1400,3226
675153376133427200,2300,5690
675149409102012420,1527,3412
675147105808306176,204,855
675146535592706048,260,1074
675145476954566656,799,1941
675135153782571009,420,1183
675113801096802304,699,1765
675111688094527488,220,875
675109292475830276,1010,2557
675047298674663426,280,948
675015141583413248,1063,2465
675006312288268288,206,889
675003128568291329,417,1413
674999807681908736,978,2028
674805413498527744,321,779
674800520222154752,767,2737
674793399141146624,975,2270
674790488185167872,221,1006
674788554665512960,184,731
674781762103414784,1069,1830
674774481756377088,420,1002
674767892831932416,704,1655
674764817387900928,204,712
674754018082705410,392,1240
674752233200820224,410,1329
674743008475090944,481,1276
674742531037511680,46,437
674739953134403584,336,986
674737130913071104,81,589
674690135443775488,419,1044
674670581682434048,583,1475
674664755118911488,211,828
674646392044941312,435,1303
674644256330530816,249,946
674638615994089473,525,1535
674632714662858753,514,1364
674606911342424069,87,847
674468880899788800,1817,5655
674447403907457024,316,969
674436901579923456,350,1009
674422304705744896,479,1304
674416750885273600,119,625
674410619106390016,411,1088
674394782723014656,503,1361
674372068062928900,282,775
674330906434379776,68,518
674318007229923329,459,1275
674307341513269249,6165,10307
674291837063053312,5238,13387
674271431610523648,658,1415
674269164442398721,208,834
674265582246694913,747,1480
674262580978937856,397,1198
674255168825880576,481,1329
674082852460433408,147,694
674075285688614912,250,904
674063288070742018,1942,5819
674053186244734976,1152,2997
674051556661161984,441,1316
674045139690631169,575,1285
674042553264685056,114,647
674038233588723717,375,1001
674036086168010753,184,774
674024893172875264,1104,1606
674019345211760640,271,1033
674014384960745472,572,1421
674008982932058114,313,1101
673956914389192708,855,1779
673919437611909120,331,1067
673906403526995968,1470,2897
673887867907739649,226,856
673716320723169284,681,2818
673715861853720576,1840,3209
673711475735838725,269,953
673709992831262724,240,765
673708611235921920,260,969
673707060090052608,352,1003
673705679337693185,365,1138
673700254269775872,511,1300
673697980713705472,1728,3574
673689733134946305,587,1573
673688752737402881,445,1144
673686845050527744,387,1297
673680198160809984,422,1245
673662677122719744,334,1145
673656262056419329,207,659
673636718965334016,323,1004
673612854080196609,646,1443
673583129559498752,320,1083
673580926094458881,244,751
673576835670777856,501,1252
673363615379013632,268,938
673359818736984064,603,1312
673355879178194945,508,1363
673352124999274496,480,1515
673350198937153538,187,694
673345638550134785,1127,2267
673343217010679808,242,878
673342308415348736,507,1160
673320132811366400,6986,12169
673317986296586240,221,801
673295268553605120,2812,6840
673270968295534593,322,973
673240798075449344,629,1294
673213039743795200,738,2008
673148804208660480,558,1521
672997845381865473,636,1780
672995267319328768,261,854
672988786805112832,257,885
672984142909456390,481,1134
672980819271634944,900,1650
672975131468300288,800,1519
672970152493887488,316,856
672968025906282496,483,1202
672964561327235073,573,1280
672902681409806336,435,1247
672898206762672129,372,812
672884426393653248,750,1393
672877615439593473,316,926
672834301050937345,511,1180
672828477930868736,429,1126
672640509974827008,283,888
672622327801233409,428,1175
672614745925664768,523,1109
672609152938721280,342,988
672604026190569472,348,991
672594978741354496,541,1194
672591762242805761,292,861
672591271085670400,164,651
672538107540070400,323,923
672523490734551040,149,560
672488522314567680,383,1012
672482722825261057,531,1010
672481316919734272,114,650
672475084225949696,623,1317
672466075045466113,463,1217
672272411274932228,2997,5821
672267570918129665,547,1344
672264251789176834,295,1025
672256522047614977,1346,2559
672254177670729728,665,1299
672248013293752320,531,1566
672245253877968896,138,617
672239279297454080,281,815
672231046314901505,900,1645
672222792075620352,179,713
672205392827572224,1026,2022
672169685991993344,326,923
672160042234327040,310,787
672139350159835138,614,1573
672125275208069120,1012,2148
672095186491711488,331,891
672082170312290304,325,850
672068090318987265,450,1155
671896809300709376,3731,7728
671891728106971137,501,1190
671882082306625538,1242,3157
671879137494245376,589,1273
671874878652489728,490,1127
671866342182637568,429,1014
671855973984772097,383,805
671789708968640512,3062,6411
671768281401958400,441,1073
671763349865160704,800,1513
671744970634719232,676,1228
671743150407421952,208,682
671735591348891648,671,1310
671729906628341761,3877,7638
671561002136281088,6436,11574
671550332464455680,189,821
671547767500775424,511,1221
671544874165002241,911,1759
671542985629241344,495,978
671538301157904385,340,846
671536543010570240,356,1058
671533943490011136,511,912
671528761649688577,224,756
671520732782923777,464,1248
671518598289059840,260,846
671511350426865664,619,1442
671504605491109889,3193,6327
671497587707535361,402,836
671488513339211776,427,898
671486386088865792,177,523
671485057807351808,203,688
671390180817915904,668,1296
671362598324076544,264,996
671357843010908160,135,357
671355857343524864,107,431
671347597085433856,379,852
671186162933985280,184,653
671182547775299584,294,993
671166507850801152,309,788
671163268581498880,984,1480
671159727754231808,71,319
671154572044468225,193,634
671151324042559489,135,594
671147085991960577,198,593
671141549288370177,580,1039
671138694582165504,353,830
671134062904504320,168,659
671122204919246848,2231,3125
671115716440031232,691,1233
671109016219725825,387,1025
670995969505435648,252,985
670842764863651840,7707,22398
670840546554966016,169,525
670838202509447168,610,997
670833812859932673,111,384
670832455012716544,188,657
670826280409919488,3579,4950
670823764196741120,165,686
670822709593571328,84,549
670815497391357952,1349,2825
670811965569282048,236,1005
670807719151067136,437,1058
670804601705242624,842,1765
670803562457407488,81,311
670797304698376195,209,669
670792680469889025,240,742
670789397210615808,212,593
670786190031921152,175,541
670783437142401025,341,749
670782429121134593,673,1382
670780561024270336,257,716
670778058496974848,63,302
670764103623966721,380,972
670755717859713024,93,396
670733412878163972,458,862
670727704916926465,320,747
670717338665226240,426,1073
670704688707301377,327,700
670691627984359425,216,529
670679630144274432,251,675
670676092097810432,36,219
670668383499735048,4413,9591
670474236058800128,650,1359
670468609693655041,79,323
670465786746662913,483,874
670452855871037440,180,497
670449342516494336,581,1093
670444955656130560,1766,6143
670442337873600512,178,585
670435821946826752,453,957
670434127938719744,573,1283
670433248821026816,101,298
670428280563085312,538,1260
670427002554466305,144,472
670421925039075328,562,1166
670420569653809152,277,549
670417414769758208,291,512
670411370698022913,789,1819
670408998013820928,194,497
670403879788544000,133,387
670385711116361728,180,506
670374371102445568,241,683
670361874861563904,58,296
670338931251150849,99,384
670319130621435904,1090,3522
670303360680108032,113,395
670290420111441920,255,633
670093938074779648,289,927
670086499208155136,224,630
670079681849372674,1079,1995
670073503555706880,694,1406
670069087419133954,209,563
670061506722140161,296,679
670055038660800512,286,601
670046952931721218,157,580
670040295598354432,100,676
670037189829525505,245,531
670003130994700288,83,297
669993076832759809,72,294
669972011175813120,138,402
669970042633789440,48,273
669942763794931712,139,453
669926384437997569,84,344
669923323644657664,53,207
669753178989142016,349,718
669749430875258880,58,232
669684865554620416,75,457
669683899023405056,96,344
669682095984410625,120,316
669680153564442624,250,598
669661792646373376,376,725
669625907762618368,1603,3174
669603084620980224,322,863
669597912108789760,136,456
669583744538451968,824,1341
669573570759163904,122,395
669571471778410496,900,1431
669567591774625800,47,208
669564461267722241,106,346
669393256313184256,63,320
669375718304980992,643,1197
669371483794317312,152,444
669367896104181761,136,412
669363888236994561,204,564
669359674819481600,104,337
669354382627049472,1116,2424
669353438988365824,233,570
669351434509529089,162,387
669328503091937280,374,919
669327207240699904,109,511
669324657376567296,188,446
669216679721873412,356,1075
669214165781868544,139,393
669203728096960512,416,904
669037058363662336,274,586
669015743032369152,330,664
669006782128353280,215,521
669000397445533696,5615,18964
668994913074286592,198,394
668992363537309700,298,668
668989615043424256,297,605
668988183816871936,399,814
668986018524233728,144,489
668981893510119424,267,494
668979806671884288,301,719
668975677807423489,511,1166
668967877119254528,18,129
668960084974809088,215,629
668955713004314625,65,245
668932921458302977,51,230
668902994700836864,89,282
668892474547511297,130,361
668872652652679168,270,480
668852170888998912,141,415
668826086256599040,116,389
668815180734689280,230,506
668779399630725120,327,644
668655139528511488,195,481
668645506898350081,466,792
668643542311546881,457,796
668641109086707712,477,959
668636665813057536,440,935
668633411083464705,1405,2509
668631377374486528,286,635
668627278264475648,99,285
668625577880875008,113,339
668623201287675904,660,1273
668620235289837568,35,186
668614819948453888,279,554
668587383441514497,942,1500
668567822092664832,49,210
668544745690562560,202,461
668542336805281792,183,406
668537837512433665,63,229
668528771708952576,195,414
668507509523615744,90,285
668496999348633600,117,365
668484198282485761,211,376
668480044826800133,130,408
668466899341221888,452,787
668297328638447616,260,567
668291999406125056,29,218
668286279830867968,122,449
668274247790391296,204,740
668268907921326080,209,495
668256321989451776,532,1167
668248472370458624,414,857
668237644992782336,2483,5549
668226093875376128,89,259
668221241640230912,174,460
668204964695683073,176,500
668190681446379520,176,582
668171859951755264,163,436
668154635664932864,278,450
668142349051129856,245,516
668113020489474048,211,601
667937095915278337,707,1125
667924896115245057,97,269
667915453470232577,49,189
667911425562669056,254,439
667902449697558528,344,778
667886921285246976,935,1676
667885044254572545,411,745
667878741721415682,105,354
667873844930215936,352,565
667866724293877760,915,2750
667861340749471744,72,224
667832474953625600,56,263
667806454573760512,430,943
667801013445750784,83,290
667793409583771648,291,622
667782464991965184,214,367
667773195014021121,46,210
667766675769573376,192,385
667728196545200128,130,331
667724302356258817,277,435
667550904950915073,29,0
667550882905632768,26,0
667549055577362432,1990,5186
667546741521195010,110,306
667544320556335104,470,773
667538891197542400,58,179
667534815156183040,459,731
667530908589760512,209,419
667524857454854144,987,1529
667517642048163840,170,336
667509364010450944,1886,6159
667502640335572993,196,491
667495797102141441,233,466
667491009379606528,196,467
667470559035432960,85,227
667455448082227200,53,174
667453023279554560,75,284
667443425659232256,504,692
667437278097252352,208,405
667435689202614272,78,274
667405339315146752,199,421
667393430834667520,50,173
667369227918143488,147,333
667211855547486208,213,434
667200525029539841,231,556
667192066997374976,87,339
667188689915760640,345,661
667182792070062081,5379,12759
667177989038297088,50,171
667176164155375616,395,533
667174963120574464,70,222
667171260800061440,72,189
667165590075940865,994,2413
667160273090932737,53,227
667152164079423490,14886,42895
667138269671505920,1908,4075
667119796878725120,111,293
667090893657276420,108,295
667073648344346624,105,359
667070482143944705,13,74
667065535570550784,40,146
667062181243039745,45,196
667044094246576128,43,167
667012601033924608,192,402
666996132027977728,80,217
666983947667116034,858,2285
666837028449972224,479,717
666835007768551424,68,187
666826780179869698,81,226
666817836334096384,217,453
666804364988780544,79,208
666786068205871104,419,668
666781792255496192,171,337
666776908487630848,151,309
666739327293083650,60,211
666701168228331520,185,377
666691418707132416,42,161
666649482315059201,541,1005
666644823164719104,71,212
666454714377183233,184,452
666447344410484738,19,93
666437273139982337,41,106
666435652385423360,42,141
666430724426358785,166,280
666428276349472768,67,141
666421158376562688,94,280
666418789513326592,39,109
666411507551481857,270,378
666407126856765440,30,94
666396247373291520,69,149
666373753744588802,75,165
666362758909284353,478,662
666353288456101888,58,181
666345417576210432,126,253
666337882303524864,80,168
666293911632134144,298,435
666287406224695296,57,125
666273097616637952,68,153
666268910803644416,34,92
666104133288665088,5584,13106
666102155909144576,11,67
666099513787052032,54,136
666094000022159362,64,145
666082916733198337,38,96
666073100786774016,134,276
666071193221509120,51,130
666063827256086533,181,410
666058600524156928,48,101
666057090499244032,114,255
666055525042405380,200,380
666051853826850816,721,1050
666050758794694657,50,118
666049248165822465,37,91
666044226329800704,117,252
666033412701032449,36,102
666029285002620928,39,115
666020888022790149,431,2310
